Preliminary report: 20 October 2011,,,,,,,,,,,,,,,,,,,,,,,,,,,,,,,,,,,,,,,,,,,,,,,,,,,,,,,,,,,,,,,,,,,,,,,,,,,,,,,,,,,,,,,,,,,,,,,,,,,,,,,,,,,,,,,,,,,,,,,,,,,,,,,,,,,,,,,,
Table 1: BIS reporting banks,,,,,,,,,,,,,,,,,,,,,,,,,,,,,,,,,,,,,,,,,,,,,,,,,,,,,,,,,,,,,,,,,,,,,,,,,,,,,,,,,,,,,,,,,,,,,,,,,,,,,,,,,,,,,,,,,,,,,,,,,,,,,,,,,,,,,,,,
Summary of international positions,,,,,,,,,,,,,,,,,,,,,,,,,,,,,,,,,,,,,,,,,,,,,,,,,,,,,,,,,,,,,,,,,,,,,,,,,,,,,,,,,,,,,,,,,,,,,,,,,,,,,,,,,,,,,,,,,,,,,,,,,,,,,,,,,,,,,,,,
In billions of US dollars,,,,,,,,,,,,,,,,,,,,,,,,,,,,,,,,,,,,,,,,,,,,,,,,,,,,,,,,,,,,,,,,,,,,,,,,,,,,,,,,,,,,,,,,,,,,,,,,,,,,,,,,,,,,,,,,,,,,,,,,,,,,,,,,,,,,,,,,
Amounts outstanding,,,,,,,,,,,,,,,,,,,,,,,,,,,,,,,,,,,,,,,,,,,,,,,,,,,,,,,,,,,,,,,,,,,,,,,,,,,,,,,,,,,,,,,,,,,,,,,,,,,,,,,,,,,,,,,,,,,,,,,,,,,,,,,,,,,,,,,,
,,Dec.1977,Mar.1978,Jun.1978,Sep.1978,Dec.1978,Mar.1979,Jun.1979,Sep.1979,Dec.1979,Mar.1980,Jun.1980,Sep.1980,Dec.1980,Mar.1981,Jun.1981,Sep.1981,Dec.1981,Mar.1982,Jun.1982,Sep.1982,Dec.1982,Mar.1983,Jun.1983,Sep.1983,Dec.1983,Mar.1984,Jun.1984,Sep.1984,Dec.1984,Mar.1985,Jun.1985,Sep.1985,Dec.1985,Mar.1986,Jun.1986,Sep.1986,Dec.1986,Mar.1987,Jun.1987,Sep.1987,Dec.1987,Mar.1988,Jun.1988,Sep.1988,Dec.1988,Mar.1989,Jun.1989,Sep.1989,Dec.1989,Mar.1990,Jun.1990,Sep.1990,Dec.1990,Mar.1991,Jun.1991,Sep.1991,Dec.1991,Mar.1992,Jun.1992,Sep.1992,Dec.1992,Mar.1993,Jun.1993,Sep.1993,Dec.1993,Mar.1994,Jun.1994,Sep.1994,Dec.1994,Mar.1995,Jun.1995,Sep.1995,Dec.1995,Mar.1996,Jun.1996,Sep.1996,Dec.1996,Mar.1997,Jun.1997,Sep.1997,Dec.1997,Mar.1998,Jun.1998,Sep.1998,Dec.1998,Mar.1999,Jun.1999,Sep.1999,Dec.1999,Mar.2000,Jun.2000,Sep.2000,Dec.2000,Mar.2001,Jun.2001,Sep.2001,Dec.2001,Mar.2002,Jun.2002,Sep.2002,Dec.2002,Mar.2003,Jun.2003,Sep.2003,Dec.2003,Mar.2004,Jun.2004,Sep.2004,Dec.2004,Mar.2005,Jun.2005,Sep.2005,Dec.2005,Mar.2006,Jun.2006,Sep.2006,Dec.2006,Mar.2007,Jun.2007,Sep.2007,Dec.2007,Mar.2008,Jun.2008,Sep.2008,Dec.2008,Mar.2009,Jun.2009,Sep.2009,Dec.2009,Mar.2010,Jun.2010,Sep.2010,Dec.2010,Mar.2011,Jun.2011
A. Total assets,Q:M:A:A:C:5A:5J,846.506,870.151,900.824,981.621,1084.701,1078.778,1154.772,1267.978,1352.972,1379.733,1490.912,1544.769,1640.812,1685.246,1681.058,1788.436,1933.896,1971.228,1959.618,2050.969,2119.734,2153.964,2109.473,2162.146,2608.804,2690.671,2681.136,2651.004,2694.094,2794.704,2788.495,2971.486,3205.858,3360.428,3498.995,3847.838,4104.19,4360.969,4535.05,4782.668,5260.701,5307.849,5199.32,5440.406,5616.48,5811.043,5682.536,6073.455,6582.316,6707.933,6795.179,7360.43,7694.125,7320.087,7043.37,7249.951,7627.872,7313.999,7469.566,7960.221,7537.702,7591.271,7514.231,7787.437,7827.362,8008.723,8078.49,8326.686,8489.148,9221.644,9453.051,9321.925,9495.311,9497.972,9446.664,9633.684,9791.71,9890.093,10184.118,10243.973,10740.385,10638.406,10871.944,11281.76,11385.508,10891.358,10790.997,11266.337,11181.721,11541.246,11663.089,11551.88,12280.885,12764.106,12471.747,12859.01,13176.738,13235.223,14239.563,14244.914,15058.99,16017.149,16972.912,17144.988,18357.565,19731.542,19909.064,20255.702,21853.831,22760.695,23116.526,23574.02,23917.01,25899.459,27312.206,27781.163,29372.774,32131.05,33679.696,35614.488,37384.91,40529.387,39352.91,37709.772,35363.032,33430.646,34181.043,34506.373,33838.126,33481.372,32482.684,34917.242,33939.271,35337.627,35604.332
claims on banks,Q:M:A:A:C:5A:5J - Q:M:A:A:D:5A:5J,583.598,593.235,611.743,673.932,723.406,707.35,765.47,856.251,917.716,939.192,1002.14,1037.619,1119.469,1158.864,1149.471,1224.61,1327.64,1365.41,1340.313,1417.489,1459.392,1488.387,1442.165,1485.279,1772.012,1830.15,1832.088,1802.077,1835.547,1920.874,1901.109,2042.111,2216.896,2325.128,2422.455,2714.915,2936.053,3100.425,3225.53,3439.591,3787.625,3815.597,3733.854,3953.748,4046.17,4205.18,4070.865,4373.511,4787.759,4837.635,4837.48,5254.556,5500.397,5179.925,4903.425,5045.102,5310.856,5061.144,5128.144,5492.549,5173.368,5196.24,5101.752,5329.371,5333.408,5470.295,5536.509,5752.04,5911.71,6439.347,6555.87,6471.346,6496.46,6467.3,6361.248,6486.778,6523.65,6609.316,6807.374,6808.233,7245.445,7131.829,7244.556,7566.267,7645.528,7226.584,7028.553,7364.465,7292.459,7561.562,7606.34,7531.578,8040.59,8342.719,8054.844,8290.803,8503.522,8523.39,9140.751,9032.037,9624.469,10238.217,10881.893,10820.012,11624.824,12540.141,12701.709,12775.32,13754.833,14269.153,14542.909,14765.732,14901.53,16155.96,17014.245,17392.882,18207.12,20200.084,21021.677,22220.721,23372.209,25400.498,24569.773,23505.18,22279.673,20876.185,21217.48,21375.762,21084.515,20794.568,20327.138,21716.206,20945.25,21767.229,21759.99
claims on non-banks,Q:M:A:A:D:5A:5J,262.908,276.916,289.081,307.689,361.295,371.428,389.302,411.727,435.256,440.541,488.772,507.15,521.343,526.382,531.587,563.826,606.256,605.818,619.305,633.48,660.342,665.577,667.308,676.867,836.792,860.521,849.048,848.927,858.547,873.83,887.386,929.375,988.962,1035.3,1076.54,1132.923,1168.137,1260.544,1309.52,1343.077,1473.076,1492.252,1465.466,1486.658,1570.31,1605.863,1611.671,1699.944,1794.557,1870.298,1957.699,2105.874,2193.728,2140.162,2139.945,2204.849,2317.016,2252.855,2341.422,2467.672,2364.334,2395.031,2412.479,2458.066,2493.954,2538.428,2541.981,2574.646,2577.438,2782.297,2897.181,2850.579,2998.851,3030.672,3085.416,3146.906,3268.06,3280.777,3376.744,3435.74,3494.94,3506.577,3627.388,3715.493,3739.98,3664.774,3762.444,3901.872,3889.262,3979.684,4056.749,4020.302,4240.295,4421.387,4416.903,4568.207,4673.216,4711.833,5098.812,5212.877,5434.521,5778.932,6091.019,6324.976,6732.741,7191.401,7207.355,7480.382,8098.998,8491.542,8573.617,8808.288,9015.48,9743.499,10297.961,10388.281,11165.654,11930.966,12658.019,13393.767,14012.701,15128.889,14783.137,14204.592,13083.359,12554.461,12963.563,13130.611,12753.611,12686.804,12155.546,13201.036,12994.021,13570.398,13844.342
B. External assets,Q:M:A:A:C:5A:3P,692.398,711.094,737.25,804.215,893.649,883.827,947.138,1042.374,1110.929,1118.473,1206.317,1248.131,1321.873,1351.68,1347.792,1428.426,1550.997,1561.659,1575.924,1629.715,1695.244,1706.43,1699.591,1718.492,2111.497,2155.891,2169.381,2128.039,2168.781,2237.61,2259.376,2374.019,2583.293,2674.187,2805.777,3045.553,3289.833,3463.853,3637.031,3833.452,4220.065,4240.959,4207.137,4379.368,4535.611,4659.264,4586.931,4875.082,5370.21,5410.95,5540.293,5997.077,6297.567,5977.671,5785.915,5953.602,6249.439,6000.988,6164.289,6561.5,6240.902,6299.567,6263.581,6496.164,6522.042,6666.051,6758.234,6962.053,7116.611,7730.371,7985.196,7888.01,8072.67,8047.199,8016.466,8166.25,8326.831,8396.92,8704.43,8784.707,9254.568,9111.244,9329.876,9712.94,9881.698,9623.505,9536.517,9960.741,9926.683,10175.368,10274.323,10173.241,10773.935,11173.432,10929.114,11273.1,11625.56,11621.52,12573.039,12611.586,13316.482,14070.624,14904.544,14997.837,16012.456,17221.638,17373.047,17705.971,19198.555,19836.871,20277.845,20715.411,21133.928,22818.806,24117.119,24626.07,26093.09,28476.735,29958.386,31729.372,33440.62,36057.082,35111.173,33512.565,31292.007,29741.343,30431.748,30776.12,30078.576,29768.011,28884.232,31036.259,30137.76,31411.272,31566.521
claims on banks,Q:M:A:A:C:5A:3P - Q:M:A:A:D:5A:3P,493.3,499.018,516.328,565.94,607.133,590.176,640.12,715.007,762.959,771.079,822.632,848.66,913.565,938.668,934.177,988.276,1077.668,1089.61,1092.321,1134.897,1179.474,1187.515,1180.725,1194.062,1447.825,1480.912,1502.624,1465.335,1501.443,1564.16,1571.073,1656.969,1814.666,1882.007,1989.646,2203.188,2428.05,2549.976,2705.95,2881.543,3184.465,3199.948,3178.12,3345.682,3452.271,3567.829,3495.53,3718.039,4150.917,4155.296,4218.136,4552.972,4775.126,4490.417,4298.231,4405.08,4613.001,4383.07,4462.615,4764.33,4490.263,4511.451,4441.294,4630.948,4599.3,4704.643,4784.859,4960.159,5108.97,5557.935,5696.929,5616.011,5664.752,5616.836,5535.931,5620.976,5687.492,5748.835,5939.359,5946.67,6364.691,6201.54,6310.257,6626.281,6759.7,6498.813,6327.658,6627.307,6587.568,6816.045,6863.1,6779.183,7241.926,7470.808,7218.986,7429.736,7710.022,7662.025,8275.775,8188.84,8726.258,9170.731,9712.85,9611.198,10323.101,11120.982,11254.518,11310.653,12246.819,12592.557,12931.046,13148.863,13402.34,14499.065,15307.951,15721.274,16526.111,18274.444,19118.822,20267.647,21504.658,23275.952,22579.905,21506.241,20290.378,19117.506,19418.947,19561.921,19250.813,19011.547,18599.402,19851.129,19121.883,19868.416,19785.988
claims on non-banks,Q:M:A:A:D:5A:3P,199.098,212.076,220.922,238.275,286.516,293.651,307.018,327.367,347.97,347.394,383.685,399.471,408.308,413.012,413.615,440.15,473.329,472.049,483.603,494.818,515.77,518.915,518.866,524.43,663.672,674.979,666.757,662.704,667.338,673.45,688.303,717.05,768.627,792.18,816.131,842.365,861.783,913.877,931.081,951.909,1035.6,1041.011,1029.017,1033.686,1083.34,1091.435,1091.401,1157.043,1219.293,1255.654,1322.157,1444.105,1522.441,1487.254,1487.684,1548.522,1636.438,1617.918,1701.674,1797.17,1750.639,1788.116,1822.287,1865.216,1922.742,1961.408,1973.375,2001.894,2007.641,2172.436,2288.267,2271.999,2407.918,2430.363,2480.535,2545.274,2639.339,2648.085,2765.071,2838.037,2889.877,2909.704,3019.619,3086.659,3121.998,3124.692,3208.859,3333.434,3339.115,3359.323,3411.223,3394.058,3532.009,3702.624,3710.128,3843.364,3915.538,3959.495,4297.264,4422.746,4590.224,4899.893,5191.694,5386.639,5689.355,6100.656,6118.529,6395.318,6951.736,7244.314,7346.799,7566.548,7731.588,8319.741,8809.168,8904.796,9566.979,10202.291,10839.564,11461.725,11935.962,12781.13,12531.268,12006.324,11001.629,10623.837,11012.801,11214.199,10827.763,10756.464,10284.83,11185.13,11015.877,11542.856,11780.533
1. Loans and deposits,Q:M:G:A:C:5A:3P,...,...,...,...,...,...,...,...,...,...,...,...,...,...,...,...,...,...,...,...,...,...,...,...,...,...,...,...,...,...,...,...,...,...,...,...,...,...,...,...,...,...,...,...,...,...,...,...,...,...,...,...,...,...,...,...,...,...,...,...,...,...,...,...,...,...,...,...,...,...,...,...,7139.157,7031.23,6973.934,7081.64,7204.789,7267.971,7551.889,7490.898,7902.603,7710.745,7805.145,8108.007,8210.65,7694.495,7511.851,7796.78,7874.633,8037.52,8004.937,7899.887,8317.608,8582.502,8377.456,8576.459,8869.368,8824.22,9411.794,9378.153,9999.487,10579.054,11170.673,11147.376,11878.534,12695.047,12733.572,12829.763,13847.059,14378.808,14747.354,15094.413,15225.958,16514.244,17412.878,17963.495,18955.622,20921.719,21976.538,23276.118,24557.023,26831.349,25939.839,24864.573,22902.465,21730.697,22049.806,22079.504,21661.071,21515.8,21018.938,22371.339,22037.554,22968.135,23013.228
claims on banks,Q:M:G:A:C:5A:3P - Q:M:G:A:D:5A:3P,...,...,...,...,...,...,...,...,...,...,...,...,...,...,...,...,...,...,...,...,...,...,...,...,...,...,...,...,...,...,...,...,...,...,...,...,...,...,...,...,...,...,...,...,...,...,...,...,...,...,...,...,...,...,...,...,...,...,...,...,...,...,...,...,...,...,...,...,...,...,...,...,5399.78,5298.433,5215.598,5282.373,5354.443,5428.537,5598.04,5522.643,5940.86,5750.436,5809.038,6088.487,6203.406,5798.5,5574.299,5799.867,5801.895,5971.438,5945.71,5867.455,6240.471,6389.549,6164.001,6335.093,6606.514,6539.012,7000.002,6908.746,7477.56,7861.405,8385.818,8232.439,8838.202,9476.935,9557.242,9594.201,10354.387,10635.874,10982.125,11207.763,11385.538,12286.677,12904.893,13237.42,13881.763,15396.361,16038.767,17022.701,18115.174,19527.496,18836.325,17896.346,16589.745,15649.525,15894.002,15823.299,15665.25,15529.028,15177.171,16064.636,15660.595,16247.759,16105.473
claims on non-banks,Q:M:G:A:D:5A:3P,...,...,...,...,...,...,...,...,...,...,...,...,...,...,...,...,...,...,...,...,...,...,...,...,...,...,...,...,...,...,...,...,...,...,...,...,...,...,...,...,...,...,...,...,...,...,...,...,...,...,...,...,...,...,...,...,...,...,...,...,...,...,...,...,...,...,...,...,...,...,...,...,1739.377,1732.797,1758.336,1799.267,1850.346,1839.434,1953.849,1968.255,1961.743,1960.309,1996.107,2019.52,2007.244,1895.995,1937.552,1996.913,2072.738,2066.082,2059.227,2032.432,2077.137,2192.953,2213.455,2241.366,2262.854,2285.208,2411.792,2469.407,2521.927,2717.649,2784.855,2914.937,3040.332,3218.112,3176.33,3235.562,3492.672,3742.934,3765.229,3886.65,3840.42,4227.567,4507.985,4726.075,5073.859,5525.358,5937.771,6253.417,6441.849,7303.853,7103.514,6968.227,6312.72,6081.172,6155.804,6256.205,5995.821,5986.772,5841.767,6306.703,6376.959,6720.376,6907.755
2. Holdings of securities ,,,,,,,,,,,,,,,,,,,,,,,,,,,,,,,,,,,,,,,,,,,,,,,,,,,,,,,,,,,,,,,,,,,,,,,,,,,,,,,,,,,,,,,,,,,,,,,,,,,,,,,,,,,,,,,,,,,,,,,,,,,,,,,,,,,,,,,,
and other assets,Q:M:D:A:C:5A:3P + Q:M:I:A:C:5A:3P,...,...,...,...,...,...,...,...,...,...,...,...,...,...,...,...,...,...,...,...,...,...,...,...,...,...,...,...,...,...,...,...,...,...,...,...,...,...,...,...,...,...,...,...,...,...,...,...,...,...,...,...,...,...,...,...,...,...,...,...,...,...,...,...,...,...,...,...,...,...,...,...,933.506,1015.753,1042.532,1084.608,1122.04,1128.921,1152.438,1293.759,1351.96,1400.376,1524.659,1604.865,1703.939,1928.969,2024.668,2163.982,2051.969,2137.848,2269.386,2273.395,2456.317,2590.951,2551.653,2696.665,2756.176,2797.038,3161.24,3233.391,3316.971,3491.544,3733.867,3850.459,4133.854,4526.556,4639.43,4876.185,5351.506,5458.043,5530.45,5621.028,5907.955,6304.567,6704.222,6662.594,7137.466,7555.019,7981.863,8453.193,8883.596,9225.696,9171.291,8647.973,8389.548,8010.626,8381.915,8696.595,8417.449,8252.171,7865.248,8664.877,8100.205,8443.104,8553.231
claims on banks,Q:M:D:A:C:5A:3P + Q:M:I:A:C:5A:3P - Q:M:D:A:D:5A:3P - Q:M:I:A:D:5A:3P,...,...,...,...,...,...,...,...,...,...,...,...,...,...,...,...,...,...,...,...,...,...,...,...,...,...,...,...,...,...,...,...,...,...,...,...,...,...,...,...,...,...,...,...,...,...,...,...,...,...,...,...,...,...,...,...,...,...,...,...,...,...,...,...,...,...,...,...,...,...,...,...,264.972,318.234,320.333,338.604,333.048,320.27,341.252,423.977,423.826,450.991,501.343,537.726,553.772,700.255,753.333,827.444,785.673,844.607,917.39,911.769,1001.456,1081.265,1054.982,1094.649,1103.491,1122.718,1275.78,1280.073,1250.009,1309.328,1327.046,1378.756,1484.839,1644.062,1697.39,1717.093,1892.431,1956.702,1948.906,1941.088,2016.792,2212.38,2403.047,2483.88,2644.344,2878.082,3080.07,3244.942,3389.531,3748.436,3743.561,3609.907,3700.676,3467.972,3524.961,3738.643,3585.545,3482.506,3422.225,3786.5,3461.298,3620.646,3680.48
claims on non-banks,Q:M:D:A:D:5A:3P + Q:M:I:A:D:5A:3P,...,...,...,...,...,...,...,...,...,...,...,...,...,...,...,...,...,...,...,...,...,...,...,...,...,...,...,...,...,...,...,...,...,...,...,...,...,...,...,...,...,...,...,...,...,...,...,...,...,...,...,...,...,...,...,...,...,...,...,...,...,...,...,...,...,...,...,...,...,...,...,...,668.534,697.519,722.199,746.004,788.992,808.651,811.186,869.782,928.134,949.385,1023.316,1067.139,1150.167,1228.714,1271.335,1336.538,1266.296,1293.241,1351.996,1361.626,1454.861,1509.686,1496.671,1602.016,1652.685,1674.32,1885.46,1953.318,2066.962,2182.216,2406.821,2471.703,2649.015,2882.494,2942.04,3159.092,3459.075,3501.341,3581.544,3679.94,3891.163,4092.187,4301.175,4178.714,4493.122,4676.937,4901.793,5208.251,5494.065,5477.26,5427.73,5038.066,4688.872,4542.654,4856.954,4957.952,4831.904,4769.665,4443.023,4878.377,4638.907,4822.458,4872.751
C. Local assets in,,,,,,,,,,,,,,,,,,,,,,,,,,,,,,,,,,,,,,,,,,,,,,,,,,,,,,,,,,,,,,,,,,,,,,,,,,,,,,,,,,,,,,,,,,,,,,,,,,,,,,,,,,,,,,,,,,,,,,,,,,,,,,,,,,,,,,,,
foreign currency,Q:M:A:A:C:5A:1E,154.108,159.057,163.574,177.406,191.052,194.951,207.634,225.604,242.043,261.26,284.595,296.638,318.939,333.566,333.266,360.01,382.899,409.569,383.694,421.254,424.49,447.534,409.882,443.654,497.307,534.78,511.755,522.965,525.313,557.094,529.119,597.467,622.565,686.241,693.218,802.285,814.357,897.116,898.019,949.216,1040.636,1066.89,992.183,1061.038,1080.869,1151.779,1095.605,1198.373,1212.106,1296.983,1254.886,1363.353,1396.558,1342.416,1257.455,1296.349,1378.433,1313.011,1305.277,1398.721,1296.8,1291.704,1250.65,1291.273,1305.32,1342.672,1320.256,1364.633,1372.537,1491.273,1467.855,1433.915,1422.641,1450.773,1430.198,1467.434,1464.879,1493.173,1479.688,1459.266,1485.817,1527.162,1542.068,1568.82,1503.81,1267.853,1254.48,1305.596,1255.038,1365.878,1388.766,1378.639,1506.95,1590.674,1542.633,1585.91,1551.178,1613.703,1666.524,1633.328,1742.508,1946.525,2068.368,2147.151,2345.109,2509.904,2536.017,2549.731,2655.276,2923.824,2838.681,2858.609,2783.082,3080.653,3195.087,3155.093,3279.684,3654.315,3721.31,3885.116,3944.29,4472.305,4241.737,4197.207,4071.025,3689.303,3749.295,3730.253,3759.55,3713.361,3598.452,3880.983,3801.511,3926.355,4037.811
claims on banks,Q:M:A:A:C:5A:1E - Q:M:A:A:D:5A:1E,90.298,94.217,95.415,107.992,116.273,117.174,125.35,141.244,154.757,168.113,179.508,188.959,205.904,220.196,215.294,236.334,249.972,275.8,247.992,282.592,279.918,300.872,261.44,291.217,324.187,349.238,329.464,336.742,334.104,356.714,330.036,385.142,402.23,443.121,432.809,511.727,508.003,550.449,519.58,558.048,603.16,615.649,555.734,608.066,593.899,637.351,575.335,655.472,636.842,682.339,619.344,701.584,725.271,689.508,605.194,640.022,697.855,678.074,665.529,728.219,683.105,684.789,660.458,698.423,734.108,765.652,751.65,791.881,802.74,881.412,858.941,855.335,831.708,850.464,825.317,865.802,836.158,860.481,868.015,861.563,880.754,930.289,934.299,939.986,885.828,727.771,700.895,737.158,704.891,745.517,743.24,752.395,798.664,871.911,835.858,861.067,793.5,861.365,864.976,843.197,898.211,1067.486,1169.043,1208.814,1301.723,1419.159,1447.191,1464.667,1508.014,1676.596,1611.863,1616.869,1499.19,1656.895,1706.294,1671.608,1681.009,1925.64,1902.855,1953.074,1867.551,2124.546,1989.868,1998.939,1989.295,1758.679,1798.533,1813.841,1833.702,1783.021,1727.736,1865.077,1823.367,1898.813,1974.002
claims on non-banks,Q:M:A:A:D:5A:1E,63.81,64.84,68.159,69.414,74.779,77.777,82.284,84.36,87.286,93.147,105.087,107.679,113.035,113.37,117.972,123.676,132.927,133.769,135.702,138.662,144.572,146.662,148.442,152.437,173.12,185.542,182.291,186.223,191.209,200.38,199.083,212.325,220.335,243.12,260.409,290.558,306.354,346.667,378.439,391.168,437.476,451.241,436.449,452.972,486.97,514.428,520.27,542.901,575.264,614.644,635.542,661.769,671.287,652.908,652.261,656.327,680.578,634.937,639.748,670.502,613.695,606.915,590.192,592.85,571.212,577.02,568.606,572.752,569.797,609.861,608.914,578.58,590.933,600.309,604.881,601.632,628.721,632.692,611.673,597.703,605.063,596.873,607.769,628.834,617.982,540.082,553.585,568.438,550.147,620.361,645.526,626.244,708.286,718.763,706.775,724.843,757.678,752.338,801.548,790.131,844.297,879.039,899.325,938.337,1043.386,1090.745,1088.826,1085.064,1147.262,1247.228,1226.818,1241.74,1283.892,1423.758,1488.793,1483.485,1598.675,1728.675,1818.455,1932.042,2076.739,2347.759,2251.869,2198.268,2081.73,1930.624,1950.762,1916.412,1925.848,1930.34,1870.716,2015.906,1978.144,2027.542,2063.809
D. Total liabilities,Q:M:A:A:A:5A:5J,795.126,814.286,837.261,915.666,1017.07,1021.534,1103.495,1222.256,1324.168,1351.443,1451.214,1499.171,1593.495,1620.505,1611.377,1711.942,1845.034,1884.465,1861.012,1935.267,1981.016,2002.21,1964.928,2019.458,2460.877,2542.162,2548.176,2526.783,2567.584,2661.529,2655.676,2843.825,3078.41,3216.961,3335.265,3690.606,3926.014,4186.043,4352.014,4620.489,5090.406,5139.055,5067.747,5322.588,5494.466,5690.198,5593.694,5968.762,6478.394,6639.755,6715.962,7322.038,7633.307,7304.748,6981.255,7186.454,7608.708,7337.462,7478.635,7915.782,7476.57,7498.36,7367.76,7589.685,7518.184,7817.464,7985.828,8348.559,8545.224,9265.28,9360.669,9289.153,9306.789,9396.19,9287.357,9443.001,9560.309,9807.372,10004.084,9993.395,10601.839,10605.952,10795.653,11285.444,11263.726,10678.719,10596.18,11013.793,10994.363,11323.869,11453.17,11334.511,12014.648,12518.922,12243.426,12537.037,12969.826,13079.004,13878.801,13945.216,14741.058,15860.611,16693.589,16951.502,18135.041,19281.089,19367.345,19789.396,21249.354,22209.721,22516.936,23155.704,23292.493,25246.225,26699.971,27185.095,28490.303,30995.098,32498.558,34342.337,36041.626,39221.956,37921.952,36390.51,34006.73,32150.502,32676.797,32960.387,32338.272,31930.473,31139.406,33457.882,32749.345,34225.406,34414.392
liabilities to banks,Q:M:A:A:A:5A:5J - Q:M:A:A:B:5A:5J,664.116,673.103,689.15,755.487,824.871,817.034,882.092,982.564,1074.797,1093.058,1173.616,1219.044,1294.487,1322.976,1303.591,1378.872,1485.13,1515.702,1475.624,1546.573,1578.976,1596.55,1546.197,1595.221,1911.826,1970.205,1976.56,1968.133,1998.061,2080.518,2068.49,2226.895,2421.453,2529.072,2615.272,2922.099,3133.659,3344.554,3495.032,3723.948,4147.21,4193.076,4125.8,4357.014,4486.827,4633.33,4516.099,4844.503,5067.329,5141.26,5176.479,5631.723,5902.003,5613.523,5335.314,5479.635,5875.726,5643.455,5715.663,6056.241,5731.859,5697.021,5592.473,5763.868,5749.914,5951.805,6070.862,6343.244,6549.896,7106.818,7190.507,7110.688,7089.903,7066.006,6962.654,7063.935,7164.761,7300.483,7470.233,7516.632,8043.211,7988.157,8115.799,8456.058,8514.606,7944.129,7842.149,8169.404,8161.764,8380.341,8459.575,8352.157,8893.45,9238.762,9037.823,9148.831,9407.972,9443.211,10028.732,10014.397,10656.321,11385.122,12065.339,12141.34,12898.264,13792.43,13944.17,14155.8,15128.464,15755.377,16155.306,16598.988,16848.355,18285.648,19068.237,19395.359,20315.885,22207.754,23096.606,24402.692,25734.923,27929.795,26694.042,25986.98,24382.792,23106.984,23427.688,23591.713,23176.029,22800.488,22236.721,23880.336,23137.868,24106.504,24135.386
liabilities to non-banks,Q:M:A:A:B:5A:5J,131.01,141.183,148.111,160.179,192.199,204.5,221.403,239.692,249.371,258.385,277.598,280.127,299.008,297.529,307.786,333.07,359.904,368.763,385.388,388.694,402.04,405.66,418.731,424.237,549.051,571.957,571.616,558.65,569.523,581.011,587.186,616.93,656.957,687.889,719.993,768.507,792.355,841.489,856.982,896.541,943.196,945.979,941.947,965.574,1007.639,1056.868,1077.595,1124.259,1411.065,1498.495,1539.483,1690.315,1731.304,1691.225,1645.941,1706.819,1732.982,1694.007,1762.972,1859.541,1744.711,1801.339,1775.287,1825.817,1768.27,1865.659,1914.966,2005.315,1995.328,2158.462,2170.162,2178.465,2216.886,2330.184,2324.703,2379.066,2395.548,2506.889,2533.851,2476.763,2558.628,2617.795,2679.854,2829.386,2749.12,2734.59,2754.031,2844.389,2832.599,2943.528,2993.595,2982.354,3121.198,3280.16,3205.603,3388.206,3561.854,3635.793,3850.069,3930.819,4084.737,4475.489,4628.25,4810.162,5236.777,5488.659,5423.175,5633.596,6120.89,6454.344,6361.63,6556.716,6444.138,6960.577,7631.734,7789.736,8174.418,8787.344,9401.952,9939.645,10306.703,11292.161,11227.91,10403.53,9623.938,9043.518,9249.109,9368.674,9162.243,9129.985,8902.685,9577.546,9611.477,10118.902,10279.006
E. External liabilities,Q:M:A:A:A:5A:3P,671.534,685.626,702.481,767.218,856.903,861.113,932.568,1034.928,1119.763,1136.749,1222.664,1260.187,1334.859,1347.215,1341.668,1416.261,1531.963,1546.064,1547.163,1582.357,1627.393,1629.5,1629.576,1651.015,2038.161,2090.813,2117.491,2087.759,2124.932,2195.984,2205.113,2327.24,2536.403,2626.398,2745.099,2995.347,3233.994,3426.279,3618.28,3833.069,4232.103,4259.326,4271.461,4447.49,4623.436,4767.017,4731.38,5012.244,5482.463,5571.292,5714.981,6191.22,6481.166,6174.129,5944.257,6095.263,6422.816,6172.435,6318.007,6646.681,6300.613,6267.137,6177.245,6344.246,6267.414,6445.547,6651.431,6947.542,7150.433,7721.557,7874.03,7791.552,7831.33,7869.011,7830.41,7949.275,8100.069,8262.18,8484.763,8571.392,9117.98,9090.447,9242.918,9673.889,9695.323,9335.563,9294.085,9610.145,9611.207,9862.335,9947.516,9833.683,10420.68,10809.453,10563.518,10816.568,11187.486,11241.589,12025.248,12053.607,12802.834,13708.119,14360.661,14513.838,15464.34,16394.232,16561.522,16935.253,18243.925,18902.589,19267.227,19837.053,20052.006,21690.301,23068.802,23489.296,24602.105,26799.392,28109.161,29777.745,31420.371,34152.252,33045.26,31500.05,29192.844,27812.887,28349.874,28632.563,28131.403,27856.881,27153.852,29097.614,28477.27,29719.811,29831.672
liabilities to banks,Q:M:A:A:A:5A:3P - Q:M:A:A:B:5A:3P,572.078,577.882,590.923,647.733,706.722,697.551,757.018,842.445,915.44,925.452,995.76,1029.98,1087.635,1091.81,1077.205,1129.422,1221.428,1227.248,1213.302,1247.694,1283.904,1281.514,1270.038,1287.946,1568.92,1603.195,1628.639,1611.866,1650.099,1710.591,1717.793,1818.725,1995.331,2063.62,2155.904,2376.07,2589.316,2750.012,2926.77,3115.054,3478.453,3504.686,3515.588,3677.556,3820.368,3929.302,3873.415,4115.409,4361.547,4394.472,4498.265,4873.847,5119.966,4855.571,4661.428,4777.328,5060.757,4845.561,4931.613,5205.583,4938.062,4879.419,4797.525,4948.067,4898.141,5029.552,5187.402,5414.944,5600.447,6074.027,6193.968,6107.08,6124.388,6097.569,6042.734,6126.183,6261.84,6357.613,6538.709,6603.565,7079.576,7000.857,7098.956,7419.679,7502.49,7090.497,7013.341,7290.332,7304.439,7476.664,7549.333,7422.78,7907.846,8171.893,7995.738,8086.595,8327.682,8308.475,8898.936,8899.445,9484.678,10032.251,10588.779,10603.934,11223.675,11957.691,12184.934,12333.676,13249.256,13688.633,14164.202,14579.608,14911.37,16127.329,16888.836,17200.242,18052.71,19700.668,20558.397,21797.702,23146.926,25097.464,24005.748,23096.234,21505.888,20579.85,20978.106,21168.774,20849.81,20589.286,20061.674,21476.2,20843.785,21688.832,21664.811
liabilities to non-banks,Q:M:A:A:B:5A:3P,99.456,107.744,111.558,119.485,150.181,163.562,175.55,192.483,204.323,211.297,226.904,230.207,247.224,255.405,264.463,286.839,310.535,318.816,333.861,334.663,343.489,347.986,359.538,363.069,469.241,487.618,488.852,475.893,474.833,485.393,487.32,508.515,541.072,562.778,589.195,619.277,644.678,676.267,691.51,718.015,753.65,754.64,755.873,769.934,803.068,837.715,857.965,896.835,1120.916,1176.82,1216.716,1317.373,1361.2,1318.558,1282.829,1317.935,1362.059,1326.874,1386.394,1441.098,1362.551,1387.718,1379.72,1396.179,1369.273,1415.995,1464.029,1532.598,1549.986,1647.53,1680.062,1684.472,1706.942,1771.442,1787.676,1823.092,1838.229,1904.567,1946.054,1967.827,2038.404,2089.59,2143.962,2254.21,2192.833,2245.066,2280.744,2319.813,2306.768,2385.671,2398.183,2410.903,2512.834,2637.56,2567.78,2729.973,2859.804,2933.114,3126.312,3154.162,3318.156,3675.868,3771.882,3909.904,4240.665,4436.541,4376.588,4601.577,4994.669,5213.956,5103.025,5257.445,5140.636,5562.972,6179.966,6289.054,6549.395,7098.724,7550.764,7980.043,8273.445,9054.788,9039.512,8403.816,7686.956,7233.037,7371.768,7463.789,7281.593,7267.595,7092.178,7621.414,7633.485,8030.979,8166.861
1. Loans and deposits,Q:M:G:A:A:5A:3P,...,...,...,...,...,...,...,...,...,...,...,...,...,...,...,...,...,...,...,...,...,...,...,...,...,...,...,...,...,...,...,...,...,...,...,...,...,...,...,...,...,...,...,...,...,...,...,...,...,...,...,...,...,...,...,...,...,...,...,...,...,...,...,...,...,...,...,...,...,...,...,...,7467.431,7491.266,7444.619,7546.687,7673.182,7831.496,8034.424,8098.245,8453.866,8388.631,8549.525,8947.276,8942.734,8612.671,8562.5,8867.058,8835.568,9059.962,9071.081,8971.333,9454.574,9812.773,9584.759,9800.398,10020.57,10038.87,10744.917,10771.962,11388.513,12055.949,12613.543,12684.468,13488.304,14300.754,14456.112,14752.834,15855.659,16358.269,16602.597,17066.973,17222.544,18586.553,19823.709,20347.713,21289.071,23255.804,24258.358,25667.989,27131.069,29413.556,28205.544,26965.466,24467.455,23170.89,23460.338,23537.534,23113.393,22872.022,22191.381,23577.21,23280.717,24209.947,24188.034
liabilities to banks,Q:M:G:A:A:5A:3P - Q:M:G:A:B:5A:3P,...,...,...,...,...,...,...,...,...,...,...,...,...,...,...,...,...,...,...,...,...,...,...,...,...,...,...,...,...,...,...,...,...,...,...,...,...,...,...,...,...,...,...,...,...,...,...,...,...,...,...,...,...,...,...,...,...,...,...,...,...,...,...,...,...,...,...,...,...,...,...,...,5770.893,5728.096,5665.135,5731.748,5843.485,5936.448,6097.895,6174.036,6466.656,6335.215,6445.179,6733.664,6786.654,6441.026,6342.351,6610.168,6603.519,6758.183,6765.014,6657.246,7061.493,7299.222,7117.826,7219.65,7312.655,7255.247,7790.245,7805.974,8278.157,8611.097,9086.748,9027.042,9592.983,10222.087,10430.075,10524.434,11289.421,11592.781,11965.989,12299.526,12541.879,13549.98,14189.244,14644.217,15346.981,16829.258,17447.973,18503.42,19710.405,21241.572,20016.67,19300.871,17487.22,16624.279,16826.765,16776.372,16523.543,16275.088,15747.72,16660.394,16287.051,16866.475,16770.703
liabilities to non-banks,Q:M:G:A:B:5A:3P,...,...,...,...,...,...,...,...,...,...,...,...,...,...,...,...,...,...,...,...,...,...,...,...,...,...,...,...,...,...,...,...,...,...,...,...,...,...,...,...,...,...,...,...,...,...,...,...,...,...,...,...,...,...,...,...,...,...,...,...,...,...,...,...,...,...,...,...,...,...,...,...,1696.538,1763.17,1779.484,1814.939,1829.697,1895.048,1936.529,1924.209,1987.21,2053.416,2104.346,2213.612,2156.08,2171.645,2220.149,2256.89,2232.049,2301.779,2306.067,2314.087,2393.081,2513.551,2466.933,2580.748,2707.915,2783.623,2954.672,2965.988,3110.356,3444.852,3526.795,3657.426,3895.321,4078.667,4026.037,4228.4,4566.238,4765.488,4636.608,4767.447,4680.665,5036.573,5634.465,5703.496,5942.09,6426.546,6810.385,7164.569,7420.664,8171.984,8188.874,7664.595,6980.235,6546.611,6633.573,6761.162,6589.85,6596.934,6443.661,6916.816,6993.666,7343.472,7417.331
2. Own issues of securities,,,,,,,,,,,,,,,,,,,,,,,,,,,,,,,,,,,,,,,,,,,,,,,,,,,,,,,,,,,,,,,,,,,,,,,,,,,,,,,,,,,,,,,,,,,,,,,,,,,,,,,,,,,,,,,,,,,,,,,,,,,,,,,,,,,,,,,,
and other liabilities,Q:M:D:A:A:5A:3P + Q:M:I:A:A:5A:3P,...,...,...,...,...,...,...,...,...,...,...,...,...,...,...,...,...,...,...,...,...,...,...,...,...,...,...,...,...,...,...,...,...,...,...,...,...,...,...,...,...,...,...,...,...,...,...,...,...,...,...,...,...,...,...,...,...,...,...,...,...,...,...,...,...,...,...,...,...,...,...,...,363.899,377.744,385.791,402.588,426.887,430.684,450.339,473.129,664.106,701.819,693.393,726.609,728.919,722.892,731.583,743.087,775.639,802.37,876.437,862.348,966.099,996.68,978.761,1016.184,1166.895,1202.705,1280.275,1281.619,1414.277,1652.164,1747.102,1829.338,1976.008,2093.444,2105.114,2182.404,2388.243,2544.294,2664.626,2770.057,2829.43,3103.737,3245.066,3141.56,3313.009,3543.583,3850.77,4109.717,4289.252,4738.625,4839.711,4534.56,4725.367,4641.951,4889.496,5095.013,5017.95,4984.803,4962.422,5520.346,5196.476,5509.797,5643.581
liabilities to banks,Q:M:D:A:A:5A:3P + Q:M:I:A:A:5A:3P - Q:M:D:A:B:5A:3P - Q:M:I:A:B:5A:3P,...,...,...,...,...,...,...,...,...,...,...,...,...,...,...,...,...,...,...,...,...,...,...,...,...,...,...,...,...,...,...,...,...,...,...,...,...,...,...,...,...,...,...,...,...,...,...,...,...,...,...,...,...,...,...,...,...,...,...,...,...,...,...,...,...,...,...,...,...,...,...,...,353.495,369.473,377.599,394.435,418.355,421.165,440.814,429.51,611.643,665.645,653.777,686.013,692.046,649.471,670.988,680.164,700.92,718.478,784.321,765.532,846.345,872.667,877.921,866.954,1015.019,1053.177,1108.678,1093.483,1206.512,1421.163,1502.026,1576.877,1630.676,1735.577,1754.604,1809.243,1959.834,2095.849,2198.233,2280.083,2369.481,2577.332,2699.566,2556.016,2705.715,2871.432,3110.423,3294.277,3436.504,3855.871,3989.095,3795.354,4018.669,3955.565,4151.344,4392.419,4326.228,4314.187,4313.954,4815.792,4556.714,4822.317,4894.083
liabilities to non-banks,Q:M:D:A:B:5A:3P + Q:M:I:A:B:5A:3P,...,...,...,...,...,...,...,...,...,...,...,...,...,...,...,...,...,...,...,...,...,...,...,...,...,...,...,...,...,...,...,...,...,...,...,...,...,...,...,...,...,...,...,...,...,...,...,...,...,...,...,...,...,...,...,...,...,...,...,...,...,...,...,...,...,...,...,...,...,...,...,...,10.404,8.271,8.192,8.153,8.532,9.519,9.525,43.619,52.463,36.174,39.616,40.596,36.873,73.421,60.595,62.923,74.719,83.892,92.116,96.816,119.754,124.013,100.84,149.23,151.876,149.528,171.597,188.136,207.765,231.001,245.076,252.461,345.332,357.867,350.51,373.161,428.409,448.445,466.393,489.974,459.949,526.405,545.5,585.544,607.294,672.151,740.347,815.44,852.748,882.754,850.616,739.206,706.698,686.386,738.152,702.594,691.722,670.616,648.468,704.554,639.762,687.48,749.498
F. Local liabilities in,,,,,,,,,,,,,,,,,,,,,,,,,,,,,,,,,,,,,,,,,,,,,,,,,,,,,,,,,,,,,,,,,,,,,,,,,,,,,,,,,,,,,,,,,,,,,,,,,,,,,,,,,,,,,,,,,,,,,,,,,,,,,,,,,,,,,,,,
foreign currency,Q:M:A:A:A:5A:1E,123.592,128.66,134.78,148.448,160.167,160.421,170.927,187.328,204.405,214.694,228.55,238.984,258.636,273.29,269.709,295.681,313.071,338.401,313.849,352.91,353.623,372.71,335.352,368.443,422.716,451.349,430.685,439.024,442.652,465.545,450.563,516.585,542.007,590.563,590.166,695.259,692.02,759.764,733.734,787.42,858.303,879.729,796.286,875.098,871.03,923.181,862.314,956.518,995.931,1068.463,1000.981,1130.818,1152.141,1130.619,1036.998,1091.191,1185.892,1165.027,1160.628,1269.101,1175.957,1231.223,1190.515,1245.439,1250.77,1371.917,1334.397,1401.017,1394.791,1543.723,1486.639,1497.601,1475.459,1527.179,1456.947,1493.726,1460.24,1545.192,1519.321,1422.003,1483.859,1515.505,1552.735,1611.555,1568.403,1343.156,1302.095,1403.648,1383.156,1461.534,1505.654,1500.828,1593.968,1709.469,1679.908,1720.469,1782.34,1837.415,1853.553,1891.609,1938.224,2152.492,2332.928,2437.664,2670.701,2886.857,2805.823,2854.143,3005.429,3307.132,3249.709,3318.651,3240.487,3555.924,3631.169,3695.799,3888.198,4195.706,4389.397,4564.592,4621.255,5069.704,4876.692,4890.46,4813.886,4337.615,4326.923,4327.824,4206.869,4073.592,3985.554,4360.268,4272.075,4505.595,4582.72
liabilities to banks,Q:M:A:A:A:5A:1E - Q:M:A:A:B:5A:1E,92.038,95.221,98.227,107.754,118.149,119.483,125.074,140.119,159.357,167.606,177.856,189.064,206.852,231.166,226.386,249.45,263.702,288.454,262.322,298.879,295.072,315.036,276.159,307.275,342.906,367.01,347.921,356.267,347.962,369.927,350.697,408.17,426.122,465.452,459.368,546.029,544.343,594.542,568.262,608.894,668.757,688.39,610.212,679.458,666.459,704.028,642.684,729.094,705.782,746.788,678.214,757.876,782.037,757.952,673.886,702.307,814.969,797.894,784.05,850.658,793.797,817.602,794.948,815.801,851.773,922.253,883.46,928.3,949.449,1032.791,996.539,1003.608,965.515,968.437,919.92,937.752,902.921,942.87,931.524,913.067,963.635,987.3,1016.843,1036.379,1012.116,853.632,828.808,879.072,857.325,903.677,910.242,929.377,985.604,1066.869,1042.085,1062.236,1080.29,1134.736,1129.796,1114.952,1171.643,1352.871,1476.56,1537.406,1674.589,1834.739,1759.236,1822.124,1879.208,2066.744,1991.104,2019.38,1936.985,2158.319,2179.401,2195.117,2263.175,2507.086,2538.209,2604.99,2587.997,2832.331,2688.294,2890.746,2876.904,2527.134,2449.582,2422.939,2326.219,2211.202,2175.047,2404.136,2294.083,2417.672,2470.575
liabilities to non-banks,Q:M:A:A:B:5A:1E,31.554,33.439,36.553,40.694,42.018,40.938,45.853,47.209,45.048,47.088,50.694,49.92,51.784,42.124,43.323,46.231,49.369,49.947,51.527,54.031,58.551,57.674,59.193,61.168,79.81,84.339,82.764,82.757,94.69,95.618,99.866,108.415,115.885,125.111,130.798,149.23,147.677,165.222,165.472,178.526,189.546,191.339,186.074,195.64,204.571,219.153,219.63,227.424,290.149,321.675,322.767,372.942,370.104,372.667,363.112,388.884,370.923,367.133,376.578,418.443,382.16,413.621,395.567,429.638,398.997,449.664,450.937,472.717,445.342,510.932,490.1,493.993,509.944,558.742,537.027,555.974,557.319,602.322,587.797,508.936,520.224,528.205,535.892,575.176,556.287,489.524,473.287,524.576,525.831,557.857,595.412,571.451,608.364,642.6,637.823,658.233,702.05,702.679,723.757,776.657,766.581,799.621,856.368,900.258,996.112,1052.118,1046.587,1032.019,1126.221,1240.388,1258.605,1299.271,1303.502,1397.605,1451.768,1500.682,1625.023,1688.62,1851.188,1959.602,2033.258,2237.373,2188.398,1999.714,1936.982,1810.481,1877.341,1904.885,1880.65,1862.39,1810.507,1956.132,1977.992,2087.923,2112.145
Estimated exchange rate adjusted changes,,,,,,,,,,,,,,,,,,,,,,,,,,,,,,,,,,,,,,,,,,,,,,,,,,,,,,,,,,,,,,,,,,,,,,,,,,,,,,,,,,,,,,,,,,,,,,,,,,,,,,,,,,,,,,,,,,,,,,,,,,,,,,,,,,,,,,,,
,,Dec.1977,Mar.1978,Jun.1978,Sep.1978,Dec.1978,Mar.1979,Jun.1979,Sep.1979,Dec.1979,Mar.1980,Jun.1980,Sep.1980,Dec.1980,Mar.1981,Jun.1981,Sep.1981,Dec.1981,Mar.1982,Jun.1982,Sep.1982,Dec.1982,Mar.1983,Jun.1983,Sep.1983,Dec.1983,Mar.1984,Jun.1984,Sep.1984,Dec.1984,Mar.1985,Jun.1985,Sep.1985,Dec.1985,Mar.1986,Jun.1986,Sep.1986,Dec.1986,Mar.1987,Jun.1987,Sep.1987,Dec.1987,Mar.1988,Jun.1988,Sep.1988,Dec.1988,Mar.1989,Jun.1989,Sep.1989,Dec.1989,Mar.1990,Jun.1990,Sep.1990,Dec.1990,Mar.1991,Jun.1991,Sep.1991,Dec.1991,Mar.1992,Jun.1992,Sep.1992,Dec.1992,Mar.1993,Jun.1993,Sep.1993,Dec.1993,Mar.1994,Jun.1994,Sep.1994,Dec.1994,Mar.1995,Jun.1995,Sep.1995,Dec.1995,Mar.1996,Jun.1996,Sep.1996,Dec.1996,Mar.1997,Jun.1997,Sep.1997,Dec.1997,Mar.1998,Jun.1998,Sep.1998,Dec.1998,Mar.1999,Jun.1999,Sep.1999,Dec.1999,Mar.2000,Jun.2000,Sep.2000,Dec.2000,Mar.2001,Jun.2001,Sep.2001,Dec.2001,Mar.2002,Jun.2002,Sep.2002,Dec.2002,Mar.2003,Jun.2003,Sep.2003,Dec.2003,Mar.2004,Jun.2004,Sep.2004,Dec.2004,Mar.2005,Jun.2005,Sep.2005,Dec.2005,Mar.2006,Jun.2006,Sep.2006,Dec.2006,Mar.2007,Jun.2007,Sep.2007,Dec.2007,Mar.2008,Jun.2008,Sep.2008,Dec.2008,Mar.2009,Jun.2009,Sep.2009,Dec.2009,Mar.2010,Jun.2010,Sep.2010,Dec.2010,Mar.2011,Jun.2011
A. Total assets,Q:M:B:A:C:5A:5J,-,10.732,32.821,53.471,98.448,3.794,71.884,90.325,84.534,81.738,55.654,66.459,127.903,82.593,57.324,101.988,107.736,85.649,12.56,111.187,29.942,49.469,-28.267,66.82,48.805,62.52,31.995,11.306,63.992,89.919,-15.655,87.785,129.672,86.265,74.681,269.629,224.415,142.13,192.491,246.431,176.136,119.174,60.738,294.961,47.874,326.217,-18.855,300.646,206.1,174.125,15.159,326.347,220.013,-42.919,-172.693,4.071,105.691,-61.751,-89.73,295.718,-0.041,-5.689,-102.27,190.501,207.893,3.806,-86.943,156.668,206.634,298.525,138.52,155.007,68.77,124.384,63.933,207.449,240.558,438.764,261.396,174.29,520.419,-0.818,290.351,54.292,-119.576,146.574,-18.81,154.45,79.161,608.126,153.386,276.702,409.444,859.789,-136.2,-8.327,211.744,135.632,196.648,49.595,360.213,554.857,625.714,-83.926,437.473,1385.309,307.009,204.243,576.3,1316.564,1003.679,578.513,463.301,1675.643,650.247,763.3,1038.406,2684.799,1309.403,1081.749,1092.719,1505.894,-982.151,121.141,-2029.949,-1064.096,-497.511,-301.112,-464.215,698.269,-3.734,750.616,-533.62,634.261,-117.08
claims on banks,Q:M:B:A:C:5A:5J - Q:M:B:A:D:5A:5J,-,1.423,20.124,45.187,81.728,-9.923,55.591,76.092,61.566,56.568,28.099,43.526,101.624,61.518,28.551,71.623,72.968,68.509,-9.923,89.654,16.537,37.037,-35.798,51.954,32.646,45.703,28.199,-4.234,47.601,78.579,-25.783,78.953,112.222,61.441,52.963,238,196.63,83.592,137.996,212.97,131.202,76.959,37.423,257.863,-3.492,253.208,-49.308,237.911,146.876,92.465,-53.507,240.518,177.467,-87.88,-208.522,1.273,77.089,-70.398,-106.497,222.999,-13.214,-28.916,-123.96,169.66,161.851,2.892,-45.186,153.374,192.107,210.689,40.486,144.043,38.577,61.509,-21.964,141.705,101,322.797,159.811,85.638,466.893,-41.77,164.026,80.964,-98.152,15.927,-138.203,111.27,29.471,433.447,70.777,177.88,326.592,555.848,-189.064,-21.118,78.352,70.659,107.147,-84.656,322.17,336.744,431.954,-225.163,343.272,902.517,246.919,-15.433,343.905,786.219,716.29,300.378,219.921,1122.34,410.138,417.182,458.663,1945.767,661.071,656.397,714.855,1048.554,-723.994,44.867,-938.049,-826.628,-470.764,-263.475,-162.556,394.889,150.708,308.085,-435.744,343.165,-232.582
claims on non-banks,Q:M:B:A:D:5A:5J,-,9.309,12.697,8.284,16.72,13.717,16.293,14.233,22.968,25.17,27.555,22.933,26.279,21.075,28.773,30.365,34.768,17.14,22.483,21.533,13.405,12.432,7.531,14.866,16.159,16.817,3.796,15.54,16.391,11.34,10.128,8.832,17.45,24.824,21.718,31.629,27.785,58.538,54.495,33.461,44.934,42.215,23.315,37.098,51.366,73.009,30.453,62.735,59.224,81.66,68.666,85.829,42.546,44.961,35.829,2.798,28.602,8.647,16.767,72.719,13.173,23.227,21.69,20.841,46.042,0.914,-41.757,3.294,14.527,87.836,98.034,10.964,30.193,62.875,85.897,65.744,139.558,115.967,101.585,88.652,53.526,40.952,126.325,-26.672,-21.424,130.647,119.393,43.18,49.69,174.679,82.609,98.822,82.852,303.941,52.864,12.791,133.392,64.973,89.501,134.251,38.043,218.113,193.76,141.237,94.201,482.792,60.09,219.676,232.395,530.345,287.389,278.135,243.38,553.303,240.109,346.118,579.743,739.032,648.332,425.352,377.864,457.34,-258.157,76.274,-1091.9,-237.468,-26.747,-37.637,-301.659,303.38,-154.442,442.531,-97.876,291.096,115.502
B. External assets,Q:M:B:A:C:5A:3P,-,7.42,27.992,43.493,86.041,-1.409,59.876,75.587,68.083,54.14,40.85,52.463,100.599,61.43,48.818,76.54,91.963,51.71,34.596,70.596,33.662,25.877,6.696,30.881,51.918,28.667,47.236,-7.156,59.095,59.839,13.835,37.078,120.629,34.997,79.597,176.089,216.495,78.914,188.349,195.041,133.64,78.047,106.592,216.445,45.812,233.184,23.926,212.244,213.393,88.997,67.571,251.002,201.243,-42.885,-108.648,-1.953,106.394,-37.067,-43.186,235.044,27.087,1.417,-67.515,163.789,190.428,-12.987,-42.973,128.117,193.888,240.022,167.755,165.712,112.312,81.152,68.199,169.049,234.11,362.367,268.775,183.746,500.72,-56.608,272.492,81.159,-36.419,99.124,-18.44,132.491,113.24,474.316,127.136,244.683,393.767,735.279,-104.09,-6.488,227.494,65.438,229.934,77.973,323.583,376.106,535.441,-132.165,338.381,1201.515,265.483,205.582,581.216,1079.3,1032.726,542.09,535.931,1407.411,607.831,799.279,965.307,2311.72,1258.844,1008.617,1111.817,1136.967,-778.578,58.899,-1920.677,-783.011,-430.968,-221.213,-511.958,642.884,31.796,623.521,-471.594,574.314,-184.747
claims on banks,Q:M:B:A:C:5A:3P - Q:M:B:A:D:5A:3P,-,-1.304,18.658,35.417,74.333,-11.786,47.858,62.44,47.996,37.568,22.37,32.866,81.649,43.248,27.81,51.404,69.126,37.904,15.431,53.013,24.094,16.69,1.913,20.895,42.198,22.902,43.386,-15.689,47.681,56.883,1.755,33.988,105.315,28.176,70.263,167.911,202.298,52.089,167.208,174.478,111.696,57.318,82.385,200.586,20.569,198.637,5.356,164.782,174.896,46.284,14.326,173.704,159.023,-76.951,-133.12,-19.244,82.331,-70.624,-74.48,175.529,-5.835,-28.976,-102.826,138.849,130.993,-16.87,-19.574,122.044,178.682,166.738,66.999,133.445,69.456,33.989,-6.357,100.575,126.114,271.119,148.34,85.974,445.843,-99.673,157.578,107.687,-34.026,-25.196,-118.221,91.698,53.013,380.15,70.226,144.544,350.505,459.79,-161.622,-21.955,135.451,-1.399,148.435,-65.262,297.683,179.283,349.542,-246.593,294.262,801.303,209.141,-23.909,363.89,627.028,729.212,285.576,321.59,981.373,400.532,446.433,476.484,1702.703,692.531,654.193,840.09,866.278,-602.661,20.785,-945.59,-640.848,-442.865,-251.773,-189.927,394.759,161.517,245.1,-411.425,299.778,-287.877
claims on non-banks,Q:M:B:A:D:5A:3P,-,8.724,9.334,8.076,11.708,10.377,12.018,13.147,20.087,16.572,18.48,19.597,18.95,18.182,21.008,25.136,22.837,13.806,19.165,17.583,9.568,9.187,4.783,9.986,9.72,5.765,3.85,8.533,11.414,2.956,12.08,3.09,15.314,6.821,9.334,8.178,14.197,26.825,21.141,20.563,21.944,20.729,24.207,15.859,25.243,34.547,18.57,47.462,38.497,42.713,53.245,77.298,42.22,34.066,24.472,17.291,24.063,33.557,31.294,59.515,32.922,30.393,35.311,24.94,59.435,3.883,-23.399,6.073,15.206,73.284,100.756,32.267,42.856,47.163,74.556,68.474,107.996,91.248,120.435,97.772,54.877,43.065,114.914,-26.528,-2.393,124.32,99.781,40.793,60.227,94.166,56.91,100.139,43.262,275.489,57.532,15.467,92.043,66.837,81.499,143.235,25.9,196.823,185.899,114.428,44.119,400.212,56.342,229.491,217.326,452.272,303.514,256.514,214.341,426.038,207.299,352.846,488.823,609.017,566.313,354.424,271.727,270.689,-175.917,38.114,-975.087,-142.163,11.897,30.56,-322.031,248.125,-129.721,378.421,-60.169,274.536,103.13
1. Loans and deposits,Q:M:H:A:C:5A:3P,...,...,...,...,...,...,...,...,...,...,...,...,...,...,...,...,...,...,...,...,...,...,...,...,...,...,...,...,...,...,...,...,...,...,...,...,...,...,...,...,...,...,...,...,...,...,...,...,...,...,...,...,...,...,...,...,...,...,...,...,...,...,...,...,...,...,...,...,...,...,...,...,-,-12.966,28.679,125.525,189.175,309.348,237.339,99.167,453.051,-118.033,149.578,61.914,-82.966,-106.318,-120.242,50.38,13.636,329.279,-14.653,133.041,305.701,606.979,-111.016,-48.207,157.76,5.571,86.723,-10.021,370.484,288.531,388.862,-185.743,282.807,903.134,118.045,19.541,417.843,813.536,778.064,360.055,210.897,1121.446,416.32,573.407,632.048,1926.519,898.185,792.971,879.63,1213.064,-771.903,43.964,-1644.65,-655.393,-438.385,-313.444,-301.864,459.088,200.579,359.591,-100.595,478.767,-165.868
claims on banks,Q:M:H:A:C:5A:3P - Q:M:H:A:D:5A:3P,...,...,...,...,...,...,...,...,...,...,...,...,...,...,...,...,...,...,...,...,...,...,...,...,...,...,...,...,...,...,...,...,...,...,...,...,...,...,...,...,...,...,...,...,...,...,...,...,...,...,...,...,...,...,...,...,...,...,...,...,...,...,...,...,...,...,...,...,...,...,...,...,-,-23.048,-13.116,81.897,128.373,269.673,123.492,34.242,461.333,-131.263,108.199,91.661,-47.991,-114.944,-178.431,39.74,-8.423,299.726,-12.579,106.439,297.792,400.285,-153.487,-20.737,131.56,-28.49,76.563,-74.352,374.309,147.923,365.392,-276.841,263.682,707.368,143.238,-27.555,300.071,510.6,681.19,220.499,213.079,827.31,287.666,349.943,381.51,1482.648,522.747,594.1,782.499,687.237,-607.604,-94.136,-953.3,-521.036,-323.932,-338.488,-65.276,336.663,176.174,147.595,-133.601,259.553,-296.4
claims on non-banks,Q:M:H:A:D:5A:3P,...,...,...,...,...,...,...,...,...,...,...,...,...,...,...,...,...,...,...,...,...,...,...,...,...,...,...,...,...,...,...,...,...,...,...,...,...,...,...,...,...,...,...,...,...,...,...,...,...,...,...,...,...,...,...,...,...,...,...,...,...,...,...,...,...,...,...,...,...,...,...,...,-,10.082,41.795,43.628,60.802,39.675,113.847,64.925,-8.282,13.23,41.379,-29.747,-34.975,8.626,58.189,10.64,22.059,29.553,-2.074,26.602,7.909,206.694,42.471,-27.47,26.2,34.061,10.16,64.331,-3.825,140.608,23.47,91.098,19.125,195.766,-25.193,47.096,117.772,302.936,96.874,139.556,-2.182,294.136,128.654,223.464,250.538,443.871,375.438,198.871,97.131,525.827,-164.299,138.1,-691.35,-134.357,-114.453,25.044,-236.588,122.425,24.405,211.996,33.006,219.214,130.532
2. Holdings of securities ,,,,,,,,,,,,,,,,,,,,,,,,,,,,,,,,,,,,,,,,,,,,,,,,,,,,,,,,,,,,,,,,,,,,,,,,,,,,,,,,,,,,,,,,,,,,,,,,,,,,,,,,,,,,,,,,,,,,,,,,,,,,,,,,,,,,,,,,
and other assets,Q:M:E:A:C:5A:3P + Q:M:J:A:C:5A:3P,...,...,...,...,...,...,...,...,...,...,...,...,...,...,...,...,...,...,...,...,...,...,...,...,...,...,...,...,...,...,...,...,...,...,...,...,...,...,...,...,...,...,...,...,...,...,...,...,...,...,...,...,...,...,...,...,...,...,...,...,...,...,...,...,...,...,...,...,...,...,...,...,-,93.913,39.732,43.522,44.938,52.994,31.356,84.63,49.142,64.542,122.965,19.252,79.686,205.481,101.844,82.129,99.583,145.118,141.789,111.683,88.018,128.321,6.901,41.748,69.665,59.623,143.498,87.954,-46.861,87.581,146.604,53.581,55.548,298.414,147.431,186.063,163.407,265.733,254.624,182.092,324.991,285.996,191.501,225.91,333.237,385.206,360.67,215.571,232.244,-76.132,-6.681,14.957,-276.003,-127.65,7.419,92.25,-210.129,183.81,-168.78,263.931,-370.957,95.655,-18.904
claims on banks,Q:M:E:A:C:5A:3P + Q:M:J:A:C:5A:3P - Q:M:E:A:D:5A:3P - Q:M:J:A:D:5A:3P,...,...,...,...,...,...,...,...,...,...,...,...,...,...,...,...,...,...,...,...,...,...,...,...,...,...,...,...,...,...,...,...,...,...,...,...,...,...,...,...,...,...,...,...,...,...,...,...,...,...,...,...,...,...,...,...,...,...,...,...,...,...,...,...,...,...,...,...,...,...,...,...,-,56.873,6.926,18.679,-2.26,1.42,24.807,51.747,-14.016,32.462,49.623,15.836,11.504,89.752,60.24,51.987,61.432,80.424,82.804,38.146,52.667,59.501,-8.144,-1.209,3.84,26.814,72.194,9.058,-75.307,30.057,-15.84,30.232,30.573,94.011,65.881,3.527,63.151,116.447,47.966,65.067,108.519,154.076,112.877,96.527,94.941,220.058,169.799,60.074,57.634,178.973,4.943,114.951,7.712,-119.833,-118.906,86.742,-124.69,58.1,-14.653,97.514,-277.818,40.483,8.504
claims on non-banks,Q:M:E:A:D:5A:3P + Q:M:J:A:D:5A:3P,...,...,...,...,...,...,...,...,...,...,...,...,...,...,...,...,...,...,...,...,...,...,...,...,...,...,...,...,...,...,...,...,...,...,...,...,...,...,...,...,...,...,...,...,...,...,...,...,...,...,...,...,...,...,...,...,...,...,...,...,...,...,...,...,...,...,...,...,...,...,...,...,-,37.04,32.806,24.843,47.198,51.574,6.549,32.883,63.158,32.08,73.342,3.416,68.182,115.729,41.604,30.142,38.151,64.694,58.985,73.537,35.351,68.82,15.045,42.957,65.825,32.809,71.304,78.896,28.446,57.524,162.444,23.349,24.975,204.403,81.55,182.536,100.256,149.286,206.658,117.025,216.472,131.92,78.624,129.383,238.296,165.148,190.871,155.497,174.61,-255.105,-11.624,-99.994,-283.715,-7.817,126.325,5.508,-85.439,125.71,-154.127,166.417,-93.139,55.172,-27.408
C. Local assets in,,,,,,,,,,,,,,,,,,,,,,,,,,,,,,,,,,,,,,,,,,,,,,,,,,,,,,,,,,,,,,,,,,,,,,,,,,,,,,,,,,,,,,,,,,,,,,,,,,,,,,,,,,,,,,,,,,,,,,,,,,,,,,,,,,,,,,,,
foreign currency,Q:M:B:A:C:5A:1E,-,3.311,4.829,9.978,12.407,5.204,12.008,14.737,16.45,27.599,14.804,13.996,27.305,21.163,8.506,25.448,15.773,33.939,-22.036,40.591,-3.72,23.592,-34.964,35.939,-3.114,33.854,-15.241,18.462,4.897,30.08,-29.491,50.707,9.042,51.268,-4.916,93.54,7.919,63.216,4.141,51.39,42.496,41.127,-45.854,78.516,2.062,93.033,-42.781,88.402,-7.293,85.127,-52.412,75.344,18.771,-0.034,-64.045,6.024,-0.702,-24.684,-46.544,60.675,-27.127,-7.106,-34.755,26.712,17.464,16.793,-43.971,28.55,12.746,58.503,-29.235,-10.705,-43.542,43.232,-4.266,38.4,6.448,76.397,-7.379,-9.456,19.699,55.79,17.859,-26.867,-83.157,47.45,-0.37,21.96,-34.078,133.809,26.25,32.019,15.677,124.51,-32.11,-1.839,-15.75,70.193,-33.287,-28.379,36.63,178.751,90.272,48.239,99.092,183.794,41.526,-1.339,-4.916,237.264,-29.047,36.423,-72.63,268.232,42.416,-35.979,73.099,373.079,50.56,73.131,-19.098,368.927,-203.573,62.242,-109.272,-281.086,-66.543,-79.9,47.743,55.386,-35.53,127.096,-62.027,59.947,67.667
claims on banks,Q:M:B:A:C:5A:1E - Q:M:B:A:D:5A:1E,-,2.726,1.466,9.77,7.395,1.865,7.734,13.651,13.569,19.001,5.728,10.659,19.976,18.27,0.741,20.218,3.842,30.605,-25.354,36.641,-7.557,20.346,-37.712,31.059,-9.553,22.802,-15.187,11.455,-0.079,21.696,-27.539,44.965,6.906,33.265,-17.3,70.089,-5.669,31.503,-29.212,38.492,19.507,19.641,-44.963,57.276,-24.061,54.571,-54.663,73.129,-28.02,46.181,-67.833,66.813,18.445,-10.928,-75.402,20.517,-5.241,0.226,-32.017,47.471,-7.379,0.06,-21.133,30.812,30.857,19.761,-25.613,31.328,13.425,43.951,-26.514,10.598,-30.879,27.52,-15.607,41.13,-25.114,51.678,11.471,-0.336,21.049,57.903,6.448,-26.723,-64.126,41.123,-19.982,19.573,-23.541,53.296,0.552,33.336,-23.913,96.058,-27.442,0.837,-57.099,72.058,-41.289,-19.394,24.487,157.462,82.411,21.43,49.01,101.214,37.778,8.476,-19.985,159.191,-12.923,14.801,-101.669,140.967,9.606,-29.252,-17.821,243.064,-31.458,2.203,-125.236,182.276,-121.332,24.082,7.541,-185.781,-27.899,-11.703,27.371,0.132,-10.81,62.987,-24.32,43.387,55.295
claims on non-banks,Q:M:B:A:D:5A:1E,-,0.585,3.363,0.208,5.012,3.339,4.274,1.086,2.881,8.598,9.076,3.337,7.329,2.893,7.765,5.23,11.931,3.334,3.318,3.95,3.837,3.246,2.748,4.88,6.439,11.052,-0.054,7.007,4.976,8.384,-1.952,5.742,2.136,18.003,12.384,23.451,13.588,31.713,33.353,12.898,22.989,21.486,-0.891,21.24,26.123,38.462,11.882,15.273,20.727,38.946,15.421,8.531,0.326,10.894,11.357,-14.493,4.539,-24.91,-14.527,13.204,-19.748,-7.166,-13.622,-4.1,-13.393,-2.968,-18.358,-2.778,-0.679,14.552,-2.721,-21.303,-12.663,15.712,11.341,-2.73,31.562,24.719,-18.85,-9.12,-1.35,-2.113,11.411,-0.144,-19.031,6.327,19.612,2.387,-10.537,80.513,25.698,-1.317,39.59,28.452,-4.668,-2.676,41.349,-1.865,8.002,-8.985,12.143,21.289,7.861,26.809,50.082,82.58,3.748,-9.815,15.069,78.073,-16.124,21.622,29.039,127.265,32.81,-6.727,90.92,130.015,82.018,70.928,106.138,186.651,-82.241,38.16,-116.813,-95.305,-38.644,-68.197,20.372,55.254,-24.72,64.109,-37.707,16.56,12.372
D. Total liabilities,Q:M:B:A:A:5A:5J,-,7.63,24.983,54.811,95.656,12.999,78.236,98.268,100.847,77.998,46.055,59.488,124.123,67.483,49.427,97.003,91.75,84.286,-2.487,92.152,13.045,33.702,-23.433,67.192,59.578,64.896,42.273,15.564,57.494,83.37,-14.522,105,142.843,79.387,62.294,288.744,215.457,157.931,182.234,266.626,196.758,112.268,86.744,304.283,50.579,320.542,9.791,288.209,213.989,200.826,3.874,373.034,202.127,5.503,-213.019,2.089,51.747,-28.866,-100.003,263.876,-11.016,-11.059,-116.492,145.819,121.58,157.19,24.924,270.132,235.409,319.597,33.127,140.234,39.944,199.081,-3.658,169.708,174.142,564.411,199.344,87.564,530.959,94.174,218.684,160.198,-154.765,7.351,-24.576,169.017,112.923,544.482,142.481,214.849,338.117,821.85,-134.784,-48.766,244.144,179.638,84.049,111,376.62,507.027,524.953,39.813,511.654,1233.508,208.97,298.183,513.747,1308.018,870.071,753.34,300.125,1702.098,598.837,765.763,804.908,2465.04,1269.857,1140.919,1088.021,1771.98,-1162.965,57.6,-1702.578,-1132.409,-610.957,-250.766,-499.811,502.182,45.059,839.131,-355.994,821.848,-143.443
liabilities to banks,Q:M:B:A:A:5A:5J - Q:M:B:A:B:5A:5J,-,-0.643,17.715,46.789,80.759,-0.627,62.159,83.624,91.657,60.208,37.63,55.194,100.065,61.576,27.081,71.51,71.534,65.841,-23.37,84.949,5.251,25.841,-38.935,58.91,38.221,44.575,36.087,21.333,43.541,74.395,-18.875,89.447,111.219,57.687,38.902,249.532,194.578,126.246,163.958,227.617,191.593,98.694,62.598,272.319,26.634,249.737,-26.516,257.229,147.765,115.948,-20.675,270.579,183.673,-38.896,-203.277,-6.411,66.006,-45.997,-109.813,204.09,-6.12,-67.044,-108.529,115.898,130.801,87.015,13.018,205.032,237.856,248.296,26.431,102.353,18.49,60.439,-24.131,113.348,148.938,374.387,158.193,123.881,462.233,11.347,158.573,95.003,-58.927,-139.558,-48.558,134.121,75.348,379.059,82.04,135.161,368.644,589.951,-96.281,-144.866,209.49,85.501,65.81,15.646,334.293,211.456,456.105,-84.244,373.338,946.574,238.898,121.826,269.464,864.221,816.235,523.463,346.659,1247.894,286.314,604.829,575.475,1856.171,715.769,776.402,892.205,1163.528,-1139.712,470.622,-1024.091,-733.107,-565.286,-311.917,-326.332,335.049,15.255,518.759,-412.13,486.876,-215.526
liabilities to non-banks,Q:M:B:A:B:5A:5J,-,8.273,7.268,8.022,14.897,13.626,16.077,14.644,9.19,17.79,8.425,4.294,24.058,5.907,22.346,25.493,20.216,18.445,20.883,7.203,7.794,7.861,15.502,8.282,21.357,20.321,6.186,-5.769,13.953,8.975,4.353,15.553,31.624,21.7,23.392,39.212,20.879,31.685,18.276,39.009,5.165,13.574,24.146,31.964,23.945,70.805,36.307,30.98,66.224,84.878,24.549,102.455,18.454,44.399,-9.742,8.5,-14.259,17.131,9.81,59.786,-4.896,55.985,-7.963,29.921,-9.221,70.175,11.906,65.1,-2.447,71.301,6.696,37.881,21.454,138.642,20.473,56.36,25.204,190.024,41.151,-36.317,68.726,82.827,60.111,65.195,-95.838,146.909,23.982,34.896,37.575,165.423,60.441,79.688,-30.527,231.899,-38.503,96.1,34.654,94.137,18.239,95.354,42.327,295.571,68.848,124.057,138.316,286.934,-29.928,176.357,244.283,443.797,53.836,229.877,-46.534,454.204,312.523,160.934,229.433,608.869,554.088,364.517,195.816,608.452,-23.253,-413.022,-678.487,-399.302,-45.671,61.151,-173.479,167.133,29.804,320.372,56.136,334.972,72.083
E. External liabilities,Q:M:B:A:A:5A:3P,-,3.982,18.548,44.372,85.078,11.605,68.221,84.478,83.791,60.941,39.044,47.607,100.862,48.096,46.088,71.985,85.571,53.099,19.187,50.622,17.982,14.779,11.753,32.448,60.481,39.124,57.214,1.822,51.901,61.813,1.569,52.173,125.82,40.506,71.641,194.873,221.647,104.915,205.906,212.91,161.668,80.755,148.553,218.401,68.693,251.705,59.635,204.631,222.48,127.625,79.674,269.64,194.582,-14.89,-135.244,-26.695,56.66,-41.187,-62.315,180.329,18.238,-63.675,-81.872,103.064,91.411,54.761,81.824,218.142,237.531,226.58,96.202,107.285,48.098,132.135,49.27,131.943,199.234,432.514,218.307,146.869,470.47,49.561,180.59,152.223,-100.223,-48.656,7.221,93.405,115.521,441.906,94.684,178.564,402.433,670.1,-122.505,-45.862,213.057,115.56,154.761,69.087,399.89,329.196,378.574,-33.725,396.857,1002.152,271.4,265.229,472.754,1002.16,862.742,667.191,354.047,1412.791,599.423,691.123,669.265,2157.979,1097.729,1057.296,1115.514,1474.332,-997.246,-61.122,-1768.221,-748.214,-471.469,-191.077,-395.535,532.597,41.701,614.837,-296.298,655.857,-188.246
liabilities to banks,Q:M:B:A:A:5A:3P - Q:M:B:A:B:5A:3P,-,-2.62,14.441,40.074,71.273,-2.947,56.995,70.841,72.407,46.126,33.24,42.746,79.193,33.225,26.075,49.267,66.928,36.264,0.306,46.338,13.863,6.103,-1.812,26.487,46.17,22.757,50.546,8.708,49.437,53.436,1.229,42.401,99.963,26.069,52.071,171.767,198.386,87.344,188.544,186.964,158.319,71.591,124.843,197.888,50.01,200.329,26.966,178.429,181.377,74.546,53.217,207.214,167.609,-40.945,-128.954,-19.425,69.223,-52.025,-73.083,154.851,7.619,-88.284,-89.294,103.216,87.133,30.045,64.85,170.319,214.016,204.191,67.388,78.989,31.764,47.332,12.875,95.115,178.556,304.91,165.64,144.54,410.518,-20.15,127.562,108.775,-27.03,-180.856,-28.042,100.76,87.297,317.623,72.4,91.804,389.189,484.866,-82.816,-135.911,206.583,24.73,125.773,28.374,312.94,56.637,354.928,-122.702,286.813,781.176,302.037,68.318,286.589,673.132,851.098,483.963,410.077,1042.393,314.654,579.449,541.417,1613.119,697.87,765.191,959.936,1013.536,-1014.68,234.23,-1140.524,-436.111,-409.675,-251.883,-239.343,392.334,18.114,375.144,-319.135,400.429,-241.936
liabilities to non-banks,Q:M:B:A:B:5A:3P,-,6.602,4.107,4.298,13.805,14.552,11.226,13.637,11.384,14.815,5.804,4.861,21.669,14.871,20.013,22.718,18.643,16.835,18.881,4.284,4.119,8.676,13.565,5.961,14.311,16.367,6.668,-6.886,2.464,8.377,0.34,9.772,25.857,14.437,19.57,23.106,23.261,17.571,17.362,25.946,3.349,9.164,23.71,20.513,18.683,51.376,32.669,26.202,41.103,53.079,26.457,62.426,26.973,26.055,-6.29,-7.27,-12.563,10.838,10.768,25.478,10.619,24.609,7.422,-0.152,4.278,24.716,16.974,47.823,23.515,22.389,28.814,28.296,16.334,84.803,36.395,36.828,20.678,127.604,52.667,2.329,59.952,69.711,53.028,43.448,-73.193,132.2,35.263,-7.355,28.224,124.283,22.284,86.76,13.244,185.234,-39.689,90.049,6.474,90.83,28.988,40.713,86.95,272.559,23.646,88.977,110.044,220.976,-30.637,196.911,186.165,329.028,11.644,183.228,-56.03,370.398,284.769,111.674,127.848,544.86,399.859,292.105,155.578,460.796,17.434,-295.352,-627.697,-312.103,-61.794,60.806,-156.192,140.263,23.587,239.693,22.837,255.428,53.69
1. Loans and deposits,Q:M:H:A:A:5A:3P,...,...,...,...,...,...,...,...,...,...,...,...,...,...,...,...,...,...,...,...,...,...,...,...,...,...,...,...,...,...,...,...,...,...,...,...,...,...,...,...,...,...,...,...,...,...,...,...,...,...,...,...,...,...,...,...,...,...,...,...,...,...,...,...,...,...,...,...,...,...,...,...,-,113.17,36.028,114.428,171.195,409.211,197.687,120.551,323.729,5.585,184.106,142.791,-116.74,-23.236,0.845,98.615,102.246,397.333,42.198,166.257,322.665,611.943,-114.274,-57.718,61.917,73.912,155.972,63.819,321.455,256.431,318.691,-89.694,314.437,929.717,241.51,201.493,386.83,818.325,702.175,548.099,283.776,1193.697,545.642,544.884,534.187,1932.429,823.686,888.042,1020.008,1194.191,-1125.026,0.656,-1753.453,-782.395,-513.302,-265.352,-316.942,394.328,29.173,349.76,15.766,471.9,-229.676
liabilities to banks,Q:M:H:A:A:5A:3P - Q:M:H:A:B:5A:3P,...,...,...,...,...,...,...,...,...,...,...,...,...,...,...,...,...,...,...,...,...,...,...,...,...,...,...,...,...,...,...,...,...,...,...,...,...,...,...,...,...,...,...,...,...,...,...,...,...,...,...,...,...,...,...,...,...,...,...,...,...,...,...,...,...,...,...,...,...,...,...,...,-,26.388,-0.293,77.571,150.948,283.076,145.214,118.803,267.442,-78.822,134.366,99.302,-47.47,-122.123,-47.041,107.04,87.429,283.786,28.107,87.02,326.114,434.036,-96.209,-103.52,52.928,-18.278,138.082,33.866,247.748,-1.44,303.828,-174.636,216.935,717.606,268.508,24.038,236.757,519.385,722.603,391.26,314.917,884.733,268.244,473.592,416.588,1451.928,486.401,652.906,883.302,806.855,-1172.019,222.62,-1146.523,-471.945,-428.634,-329.591,-167.931,254.325,-4.464,136.094,-75.994,250.092,-249.255
liabilities to non-banks,Q:M:H:A:B:5A:3P,...,...,...,...,...,...,...,...,...,...,...,...,...,...,...,...,...,...,...,...,...,...,...,...,...,...,...,...,...,...,...,...,...,...,...,...,...,...,...,...,...,...,...,...,...,...,...,...,...,...,...,...,...,...,...,...,...,...,...,...,...,...,...,...,...,...,...,...,...,...,...,...,-,86.782,36.321,36.857,20.247,126.135,52.473,1.748,56.287,84.407,49.74,43.489,-69.27,98.887,47.886,-8.425,14.817,113.547,14.091,79.237,-3.449,177.907,-18.065,45.802,8.989,92.19,17.89,29.953,73.707,257.871,14.863,84.942,97.502,212.111,-26.998,177.455,150.073,298.94,-20.428,156.839,-31.141,308.964,277.398,71.292,117.599,480.501,337.285,235.136,136.706,387.336,46.993,-221.964,-606.93,-310.45,-84.668,64.239,-149.011,140.003,33.637,213.666,91.76,221.808,19.579
2. Own issues of securities,,,,,,,,,,,,,,,,,,,,,,,,,,,,,,,,,,,,,,,,,,,,,,,,,,,,,,,,,,,,,,,,,,,,,,,,,,,,,,,,,,,,,,,,,,,,,,,,,,,,,,,,,,,,,,,,,,,,,,,,,,,,,,,,,,,,,,,,
and other liabilities,Q:M:E:A:A:5A:3P + Q:M:J:A:A:5A:3P,...,...,...,...,...,...,...,...,...,...,...,...,...,...,...,...,...,...,...,...,...,...,...,...,...,...,...,...,...,...,...,...,...,...,...,...,...,...,...,...,...,...,...,...,...,...,...,...,...,...,...,...,...,...,...,...,...,...,...,...,...,...,...,...,...,...,...,...,...,...,...,...,-,19.021,13.245,17.514,28.039,23.302,20.619,26.305,111.362,43.99,-3.52,9.428,-7.204,-26.22,6.373,-5.209,13.276,44.57,52.49,12.303,79.769,58.164,-8.229,11.867,150.61,41.654,-1.253,5.301,78.43,72.937,59.872,55.953,82.425,72.429,29.891,64.018,85.918,183.781,160.723,119.016,70.055,219.008,53.563,146.244,135.079,225.569,274.014,169.249,95.492,280.121,127.846,-61.802,-14.685,34.159,41.839,74.306,-78.639,138.271,12.543,265.074,-312.086,183.97,41.443
liabilities to banks,Q:M:E:A:A:5A:3P + Q:M:J:A:A:5A:3P - Q:M:E:A:B:5A:3P - Q:M:J:A:B:5A:3P,...,...,...,...,...,...,...,...,...,...,...,...,...,...,...,...,...,...,...,...,...,...,...,...,...,...,...,...,...,...,...,...,...,...,...,...,...,...,...,...,...,...,...,...,...,...,...,...,...,...,...,...,...,...,...,...,...,...,...,...,...,...,...,...,...,...,...,...,...,...,...,...,-,20.998,13.168,17.543,27.608,21.833,20.425,25.724,106.426,59.954,-6.808,9.471,-3.404,-64.403,18.996,-6.28,-0.13,33.834,44.297,4.78,63.076,50.834,13.407,-32.392,153.13,42.964,-12.274,-5.464,65.181,58.146,51.084,51.924,69.875,63.558,33.563,44.536,49.833,153.694,128.652,92.628,94.942,157.546,46.199,105.875,124.827,161.227,211.446,112.282,76.616,206.677,157.378,11.576,6.11,35.814,18.956,77.734,-71.47,138.035,22.598,239.037,-243.15,150.319,7.332
liabilities to non-banks,Q:M:E:A:B:5A:3P + Q:M:J:A:B:5A:3P,...,...,...,...,...,...,...,...,...,...,...,...,...,...,...,...,...,...,...,...,...,...,...,...,...,...,...,...,...,...,...,...,...,...,...,...,...,...,...,...,...,...,...,...,...,...,...,...,...,...,...,...,...,...,...,...,...,...,...,...,...,...,...,...,...,...,...,...,...,...,...,...,-,-1.977,0.077,-0.029,0.431,1.469,0.194,0.581,4.936,-15.964,3.288,-0.043,-3.8,38.183,-12.623,1.071,13.406,10.736,8.193,7.523,16.693,7.33,-21.636,44.259,-2.52,-1.31,11.021,10.765,13.249,14.791,8.788,4.029,12.55,8.871,-3.672,19.482,36.085,30.087,32.071,26.388,-24.887,61.462,7.364,40.369,10.252,64.342,62.568,56.967,18.876,73.444,-29.532,-73.378,-20.795,-1.655,22.883,-3.428,-7.169,0.236,-10.055,26.037,-68.936,33.651,34.111
F. Local liabilities in,,,,,,,,,,,,,,,,,,,,,,,,,,,,,,,,,,,,,,,,,,,,,,,,,,,,,,,,,,,,,,,,,,,,,,,,,,,,,,,,,,,,,,,,,,,,,,,,,,,,,,,,,,,,,,,,,,,,,,,,,,,,,,,,,,,,,,,,
foreign currency,Q:M:B:A:A:5A:1E,-,3.648,6.435,10.439,10.578,1.394,10.014,13.791,17.056,17.057,7.011,11.881,23.261,19.387,3.339,25.019,6.179,31.187,-21.674,41.53,-4.937,18.923,-35.186,34.743,-0.903,25.772,-14.941,13.742,5.593,21.557,-16.091,52.828,17.023,38.881,-9.348,93.871,-6.19,53.016,-23.672,53.716,35.09,31.513,-61.809,85.882,-18.114,68.837,-49.844,83.578,-8.491,73.201,-75.8,103.394,7.545,20.393,-77.775,28.784,-4.913,12.321,-37.688,83.547,-29.254,52.617,-34.62,42.754,30.169,102.429,-56.9,51.989,-2.122,93.016,-63.076,32.949,-8.154,66.946,-52.928,37.765,-25.092,131.897,-18.963,-59.305,60.489,44.612,38.094,7.975,-54.543,56.007,-31.796,75.612,-2.598,102.576,47.797,36.285,-64.316,151.75,-12.279,-2.904,31.087,64.078,-70.712,41.913,-23.27,177.831,146.38,73.538,114.797,231.356,-62.43,32.953,40.992,305.857,7.329,86.15,-53.923,289.307,-0.586,74.639,135.643,307.061,172.127,83.623,-27.493,297.649,-165.719,118.723,65.643,-384.195,-139.488,-59.689,-104.276,-30.415,3.358,224.293,-59.696,165.99,44.802
liabilities to banks,Q:M:B:A:A:5A:1E - Q:M:B:A:B:5A:1E,-,1.976,3.275,6.714,9.486,2.32,5.164,12.783,19.25,14.082,4.39,12.448,20.872,28.351,1.006,22.244,4.606,29.577,-23.676,38.61,-8.612,19.737,-37.123,32.422,-7.949,21.818,-14.46,12.626,-5.897,20.959,-20.104,47.046,11.256,31.618,-13.17,77.764,-3.808,38.902,-24.585,40.653,33.274,27.104,-62.245,74.431,-23.376,49.408,-53.482,78.8,-33.612,41.401,-73.892,63.365,16.065,2.049,-74.322,13.014,-3.217,6.028,-36.729,49.239,-13.739,21.241,-19.236,12.681,43.668,56.97,-51.832,34.712,23.84,44.105,-40.958,23.364,-13.275,13.107,-37.005,18.233,-29.618,69.477,-7.448,-20.659,51.715,31.497,31.011,-13.772,-31.898,41.298,-20.515,33.361,-11.95,61.436,9.641,43.358,-20.545,105.085,-13.466,-8.955,2.908,60.771,-59.964,-12.728,21.354,154.819,101.178,38.458,86.524,165.397,-63.138,53.507,-17.126,191.088,-34.863,39.501,-63.419,205.501,-28.341,25.379,34.057,243.052,17.898,11.211,-67.731,149.993,-125.032,236.393,116.433,-296.996,-155.611,-60.035,-86.989,-57.285,-2.859,143.614,-92.995,86.446,26.41
liabilities to non-banks,Q:M:B:A:B:5A:1E,-,1.672,3.16,3.725,1.092,-0.926,4.85,1.008,-2.194,2.975,2.621,-0.567,2.389,-8.964,2.333,2.775,1.573,1.61,2.002,2.92,3.675,-0.814,1.937,2.321,7.046,3.954,-0.481,1.116,11.49,0.598,4.013,5.782,5.767,7.263,3.822,16.107,-2.382,14.114,0.913,13.063,1.816,4.409,0.436,11.451,5.262,19.429,3.638,4.778,25.121,31.8,-1.908,40.029,-8.52,18.344,-3.453,15.77,-1.696,6.293,-0.959,34.308,-15.515,31.376,-15.384,30.073,-13.499,45.459,-5.068,17.277,-25.962,48.911,-22.118,9.585,5.121,53.839,-15.923,19.532,4.526,62.42,-11.515,-38.646,8.774,13.115,7.083,21.747,-22.645,14.709,-11.281,42.251,9.352,41.14,38.156,-7.073,-43.771,46.665,1.187,6.051,28.179,3.307,-10.748,54.641,-44.624,23.012,45.202,35.08,28.273,65.959,0.708,-20.554,58.118,114.769,42.192,46.649,9.496,83.806,27.755,49.26,101.586,64.009,154.229,72.412,40.238,147.656,-40.687,-117.67,-50.79,-87.199,16.123,0.346,-17.287,26.87,6.217,80.679,33.299,79.544,18.392
